,BERT Cluster,jobSkill_x,jobSkill_y,title
0,0,"Consulting, Accounting/Auditing, Information Technology,Project Management, Analyst, Information Technology,Engineering, Information Technology, Consulting,Engineering, Information Technology,Information Technology,Information Technology, Engineering,Finance, Information Technology,Research, Analyst, Information Technology,Human Resources,Finance, Sales,Consulting, Information Technology, Other,Product Management, Marketing,Project Management, Supply Chain, Strategy/Planning,Finance, Legal,Product Management, Design,Management, Manufacturing,Management, Consulting, Finance,Legal, Public Relations, Human Resources,Design, Information Technology,Information Technology, Engineering, Other,Project Management, Information Technology, Management,Analyst, Finance,Accounting/Auditing, Finance, Analyst,Project Management, Information Technology,Project Management, Management, Product Management,Design, Art/Creative, Information Technology,Other,Writing/Editing, Design, Project Management,Customer Service, Information Technology,Human Resources, Finance, Advertising,Consulting, Information Technology, Engineering,Consulting, Information Technology, Sales,Marketing, Sales,Business Development, Sales,Finance, Accounting/Auditing,Administrative,Accounting/Auditing,Accounting/Auditing, Finance,Sales, Business Development,Finance,Finance, Analyst,Legal,Manufacturing, Accounting/Auditing, Finance,Analyst,Consulting, Information Technology,Strategy/Planning, Consulting,Sales,Information Technology, Product Management, Engineering,Project Management, Information Technology, Engineering,Project Management, General Business, Product Management,Marketing, Advertising,Science, Marketing, Analyst,Marketing, Analyst, Project Management,Marketing, Public Relations, Writing/Editing,Information Technology, Project Management, Marketing,Management, Strategy/Planning, Product Management,Marketing,Information Technology, Marketing,Product Management, Marketing, Engineering,Marketing, Public Relations,Marketing, Sales, Product Management,Product Management, Marketing, Information Technology,Consulting","Enterprise resource planning ERP software,Data base management system software,Enterprise system management software,Risk management data and analysis software",158
1,1,"Information Technology, Product Management, Engineering",,3
2,2,"Engineering, Information Technology,Information Technology,Analyst, Information Technology, Engineering,Quality Assurance, Engineering, Information Technology,Information Technology, Product Management, Engineering,Information Technology, Consulting, Engineering,Engineering,Other,Information Technology, Engineering,Other, Information Technology, Management,Human Resources,Finance, Sales,Management, Manufacturing,Marketing, Sales,Engineering, Information Technology, Research,Engineering, Manufacturing, Design",,184
3,3,"Information Technology,Engineering, Information Technology,Engineering,Analyst, Information Technology, Engineering,Engineering, Information Technology, Other,Information Technology, Finance, Consulting,Information Technology, Product Management, Engineering,Engineering, Information Technology, Project Management,Engineering, Information Technology, Finance,Information Technology, Engineering,Information Technology, Business Development,Finance, Sales,Legal,Finance,Information Technology, Finance, Marketing,Accounting/Auditing, Finance,Supply Chain,Business Development, Sales,Customer Service, Information Technology, Engineering,Product Management, Marketing,Business Development, Marketing,Accounting/Auditing, Legal, Finance,Finance, Sales, Analyst,Consulting,Legal, Other, Management,Project Management, Product Management, Engineering,Design, Art/Creative, Information Technology,Management, Manufacturing,Sales,Administrative,Project Management, Information Technology,Other,Research, Analyst, Information Technology,Quality Assurance, Information Technology,Marketing,Information Technology, Marketing,Advertising, Marketing, Strategy/Planning,Information Technology, Marketing, Public Relations,Marketing, Information Technology, Analyst,Marketing, Strategy/Planning,Marketing, Sales, Public Relations,Design, Art/Creative,Design, Project Management, Business Development",,120
4,4,"Engineering, Information Technology,Information Technology, Engineering, Other,Information Technology, Consulting,Advertising, Analyst,Sales,Research,Information Technology,Finance,Design, Art/Creative,Information Technology, Product Management, Engineering,Strategy/Planning, Marketing, Business Development,Marketing, Sales,Human Resources,Finance, Sales,Business Development, Sales,Sales, Business Development,Finance, Human Resources,Purchasing, Supply Chain,Business Development, Product Management, Marketing,Management, Customer Service, Project Management,Marketing, Business Development, Sales,Finance, Writing/Editing,Finance, Consulting, Accounting/Auditing,Consulting, Accounting/Auditing,Management, Manufacturing,Consulting, Information Technology, Sales,Product Management, Marketing,Sales, Engineering, Business Development,Finance, Advertising, Marketing,Finance, Accounting/Auditing,Legal,Accounting/Auditing, Finance,Consulting, Information Technology, Finance,Other,Project Management, Information Technology,Information Technology, Accounting/Auditing,Business Development, Finance, Engineering,Consulting,Information Technology, Finance,Strategy/Planning, Analyst, Project Management,Consulting, Information Technology,Marketing,Consulting, Information Technology, Project Management,Accounting/Auditing, Analyst, Finance,Information Technology, Consulting, Accounting/Auditing,Advertising, Analyst, Consulting,Strategy/Planning, Business Development, Management,Advertising, Consulting, Strategy/Planning,Advertising, Marketing,Marketing, Information Technology, Product Management,Business Development,Sales, Marketing,General Business, Marketing,Advertising, Marketing, Sales,Marketing, Public Relations, Writing/Editing,Information Technology, Project Management, Product Management,Marketing, Sales, Customer Service,Marketing, Marketing,Advertising, Marketing, Other,Marketing, Writing/Editing, Strategy/Planning,Business Development, Marketing,Marketing, Public Relations, Education,Marketing, Art/Creative,Business Development, Information Technology, Marketing,Design",,138
5,5,"Engineering, Information Technology,Information Technology,Sales,Sales, Business Development,Design, Art/Creative, Information Technology,Management, Manufacturing,Purchasing, Supply Chain,Research, Analyst, Information Technology,Legal, Information Technology,Customer Service, Information Technology,Human Resources,Sales, Product Management, Customer Service,Finance, Sales,Finance, Accounting/Auditing,Marketing, Writing/Editing,Marketing, Sales,Other,Marketing,Accounting/Auditing, Finance,Finance,General Business, Finance, Other,Consulting, Information Technology, Sales,Analyst, Information Technology, Sales,Analyst, Sales, Product Management,Analyst, Information Technology, Marketing,Marketing, Advertising, Writing/Editing,Consulting, Information Technology, Project Management,Marketing, Advertising, Art/Creative,Supply Chain, Consulting, Sales,Supply Chain, Consulting","Web page creation and editing software,Mailing and shipping software",76
6,6,"Engineering, Information Technology,Information Technology,Art/Creative, Business Development, Engineering,Engineering,Business Development, Engineering, Information Technology,Information Technology, Engineering,Other, Information Technology, Production,Research, Analyst, Information Technology,Other,Business Development, Information Technology, Research,Education,Sales, Business Development,Quality Assurance,Legal, Writing/Editing,Marketing, Public Relations, Writing/Editing,Business Development, Sales,Finance, Sales,Product Management, Marketing,Human Resources,Information Technology, Sales, Consulting,Marketing, Writing/Editing, Public Relations,Finance, Analyst, Accounting/Auditing,Sales, Marketing, Product Management,Project Management, Information Technology,Customer Service, Information Technology,Management, Manufacturing,Education, Training,Consulting,Finance, Accounting/Auditing,Legal,Accounting/Auditing, Finance,Finance,Accounting/Auditing, Advertising, Finance,Accounting/Auditing,Design, Art/Creative, Information Technology,Finance, Sales, Business Development,Finance, Information Technology, Engineering,Purchasing, Supply Chain, Manufacturing,Information Technology, Product Management,Marketing,Marketing, Advertising,General Business,Marketing, Sales,General Business, Marketing, Other,Marketing, Business Development, Strategy/Planning,Business Development,Sales, Information Technology, Consulting,Marketing, Customer Service, Management,Human Resources, Information Technology,Design, Art/Creative",Management of Financial Resources,155
7,7,"Consulting, Engineering,Business Development, Management, Information Technology,Analyst, Consulting, Project Management,Engineering, Information Technology,Other,Management, Manufacturing,Sales, Business Development, Strategy/Planning,Product Management, Marketing,Finance, Information Technology,Finance, Accounting/Auditing, Analyst,Sales, Business Development,Research, Analyst, Information Technology,Finance, Accounting/Auditing, Strategy/Planning,Marketing, Sales,Human Resources,Consulting, Accounting/Auditing,Project Management, Information Technology,Finance,Business Development,Sales, Business Development, General Business,Accounting/Auditing, Finance,Administrative, Consulting,Business Development, Consulting, Sales,Business Development, General Business, Information Technology,Business Development, Sales,Strategy/Planning,Strategy/Planning, Consulting, Information Technology,Project Management, Administrative, General Business,Finance, Accounting/Auditing, Consulting,Project Management, Management, Strategy/Planning,Human Resources, Management, Strategy/Planning,Engineering,Consulting, Project Management, Strategy/Planning,Manufacturing,Information Technology,Consulting, Finance, Other,Customer Service, Information Technology,Management, Supply Chain, Customer Service,Design, Art/Creative, Information Technology,Finance, Advertising,Analyst, Strategy/Planning,Accounting/Auditing,Finance, Accounting/Auditing,Marketing, Advertising, Strategy/Planning,Finance, Accounting/Auditing, Legal,Finance, Sales,Education, Information Technology, Engineering,General Business, Management, Business Development,Finance, Analyst, Accounting/Auditing,Finance, Administrative,Finance, Project Management, Administrative,Legal,Accounting/Auditing, Finance, Health Care Provider,Supply Chain, Finance,General Business, Other,Consulting,Finance, Information Technology, Analyst,Sales,Marketing, Public Relations, Writing/Editing,Administrative,Education, Training,Finance, Accounting/Auditing, Management,Research, Science, Management,Education, Training, Marketing,Marketing,Advertising, Marketing, Product Management,Marketing, Public Relations, Advertising,Information Technology, Marketing,Marketing, Art/Creative, Writing/Editing,Business Development, Information Technology, Marketing,Information Technology, Strategy/Planning, Sales,Marketing, Sales, Public Relations,Marketing, Writing/Editing,Marketing, Art/Creative, Advertising",,176
8,8,"Information Technology,Engineering, Information Technology,Information Technology, Engineering,Sales, Consulting, Engineering,Marketing, Public Relations, Writing/Editing,Marketing, Sales,Project Management, Information Technology,Research, Analyst, Information Technology,Customer Service, Information Technology,Business Development, Sales,Finance, Analyst, Accounting/Auditing,Product Management, Marketing,Sales, Business Development,Engineering",,40
9,9,"Engineering,Engineering, Information Technology,Information Technology,Marketing,Analyst,Information Technology, Engineering,Accounting/Auditing, Analyst, Finance,Sales,Other,Analyst, Research, Information Technology,General Business, Analyst,Marketing, Public Relations, Writing/Editing,Information Technology, Customer Service,Project Management, Analyst, Consulting,Marketing, Advertising, Project Management,Product Management, Marketing,Business Development, Sales,Sales, Business Development,Marketing, Product Management, Strategy/Planning,Advertising, Marketing, Project Management,Project Management, Information Technology,Strategy/Planning, Advertising, Customer Service,Supply Chain, Analyst,Marketing, Sales,Business Development,Finance, Sales,Finance,Research, Analyst, Information Technology,Administrative,Consulting,Marketing, Public Relations,Marketing, Information Technology, Product Management,Marketing, Strategy/Planning, Sales,Marketing, Advertising,Design, Art/Creative, Information Technology,Marketing, Business Development,Advertising, Marketing, Product Management,Human Resources,Distribution, Marketing, Finance,Marketing, Sales, Business Development,Art/Creative, Information Technology, Marketing,Management, Manufacturing,Marketing, Other,Marketing, Advertising, Strategy/Planning,Advertising, General Business, Marketing,General Business, Marketing, Other,Marketing, Art/Creative, Design,Customer Service, Information Technology,Marketing, Public Relations, Advertising,Marketing, Strategy/Planning,Management, Marketing,Marketing, Sales, Art/Creative,Marketing, Information Technology,Project Management,Marketing, Project Management,Marketing, Advertising, Art/Creative,Marketing, Business Development, Consulting,Marketing, Public Relations, Product Management,Marketing, Art/Creative, Strategy/Planning,Public Relations, Marketing,Finance, Design,Supply Chain,Information Technology, Product Management, Engineering",,182
10,10,"Engineering, Information Technology,Engineering,Information Technology,Marketing, Public Relations, Writing/Editing,Project Management, Management, Business Development,Information Technology, Analyst, Research,Marketing,Other,Design,Quality Assurance,Information Technology, Marketing,Marketing, Sales, Advertising",,46
11,11,"Engineering, Information Technology",,41
12,12,"Analyst, Information Technology, Engineering,Finance, Accounting/Auditing",,17
13,13,"Engineering, Information Technology,Information Technology,Product Management, Marketing,Marketing, Public Relations, Strategy/Planning,Quality Assurance,Information Technology, Project Management, Engineering",,43
14,14,"Finance, Information Technology,Information Technology,Engineering, Information Technology,Analyst, Information Technology, Engineering,Information Technology, Engineering,Project Management, Information Technology,Engineering, Design,Administrative",,107
15,15,"Information Technology,Analyst, Information Technology, Project Management,Information Technology, Product Management, Engineering,Engineering, Information Technology,Information Technology, Engineering,Engineering,Quality Assurance, Engineering, Information Technology,Research, Analyst, Information Technology,Project Management, Information Technology, Engineering,Information Technology, Product Management,Consulting, Information Technology, Other,Research, Information Technology,Engineering, Production, Research,Information Technology, Consulting,Information Technology, Other,Product Management, Marketing,Engineering, Information Technology, Research,Finance, Information Technology, Engineering,Project Management, Engineering,Management, Manufacturing,Training, Education,Project Management, Information Technology,Finance, Sales,Other,Business Development, Sales,Marketing, Sales,Design, Engineering, Information Technology,Engineering, Design, Manufacturing,Research,Consulting, Engineering, Project Management","Technology Design,Programming,Project management software,Process mapping and design software,Development environment software,Configuration management software,Object or component oriented development software,Map creation software,Helpdesk or call center software,Requirements analysis and system architecture software,Program testing software,Mobile operator specific application software,Pattern design software,Aviation ground support software",212
16,16,"Information Technology,Engineering, Information Technology,Information Technology, Engineering,Finance, Information Technology,Finance, Sales,Other,Legal,Business Development, Sales,Finance, Information Technology, Engineering,Project Management, Information Technology,Sales,Sales, Business Development,Consulting, Information Technology, Project Management,General Business, Other,Customer Service, Information Technology,Administrative,Finance,Management, Accounting/Auditing, Other,Supply Chain,Accounting/Auditing,Business Development, Finance,Design, Art/Creative, Information Technology,Research, Analyst, Information Technology,Management, Manufacturing,Marketing, Sales,Product Management, Marketing,Marketing, Business Development, Advertising,Marketing, Strategy/Planning, Business Development,Marketing, Public Relations",,107
17,17,"Engineering, Information Technology,Business Development, Sales,Purchasing, Supply Chain,Sales, Business Development,Design, Art/Creative, Information Technology,Project Management, Information Technology,Other,Quality Assurance,Information Technology,Accounting/Auditing, Finance,Marketing, Sales,Customer Service, Information Technology,Finance, Sales,Management, Manufacturing,Administrative,Legal,Human Resources,Product Management, Marketing",,52
18,18,"Engineering, Information Technology,Other,Information Technology, Engineering,Project Management, Information Technology,Sales, Management, Customer Service,Human Resources,Marketing,Sales, Business Development, Customer Service,Marketing, Sales,Engineering,Research, Analyst, Information Technology,Management, Manufacturing,Training, Management, Customer Service,Customer Service, Information Technology,Business Development, Information Technology,Product Management, Design, Project Management,Business Development, Sales,Strategy/Planning, Analyst, Consulting,Purchasing, Distribution, Supply Chain,Art/Creative, Design, Marketing,Sales, Business Development,Sales, Business Development, Distribution,Information Technology,Human Resources, Other, Information Technology,Education,Public Relations, Writing/Editing,Design, Art/Creative, Advertising,Finance, Sales,Consulting, Information Technology, Sales,Business Development,Customer Service, Marketing,Finance, Analyst, Accounting/Auditing,Finance, Accounting/Auditing,Finance, Accounting/Auditing, Administrative,Finance,Project Management, Management, Strategy/Planning,Design, Art/Creative, Information Technology,Advertising, Writing/Editing, Art/Creative,Project Management, Sales, Management,Business Development, Marketing,Art/Creative,Design, Marketing, Sales,Design, Art/Creative",,148
19,19,"Information Technology,Engineering, Information Technology,Design, Information Technology, Engineering,Information Technology, Product Management, Engineering,Engineering, Information Technology, Manufacturing,Information Technology, Engineering,Management, Supply Chain,Management, Manufacturing,Consulting,Research,General Business, Accounting/Auditing,General Business, Management, Strategy/Planning,Marketing, Sales, Business Development,Supply Chain,Other,Art/Creative, Advertising, Marketing,Human Resources,Research, Analyst, Information Technology,Accounting/Auditing, Finance,Product Management,Finance, Information Technology, Accounting/Auditing,Marketing, Public Relations, Writing/Editing,Business Development, Sales,Sales,Engineering,Project Management, Management, Product Management,Sales, Business Development, Information Technology,Customer Service, Information Technology,Marketing, Strategy/Planning, Art/Creative,Business Development, Customer Service,Customer Service, Sales,Legal, Consulting, Other,Sales, Business Development,Advertising,Consulting, Information Technology, Sales,Marketing,Finance, Sales,Analyst, Information Technology, Consulting,Business Development,Strategy/Planning, Consulting, General Business,Marketing, Sales,Information Technology, Marketing, Consulting,Public Relations, Marketing,Sales, Engineering, Information Technology,Information Technology, Marketing,Advertising, Design, Marketing,Marketing, Business Development, Sales,Marketing, Design, Analyst,Education, Management","Cloud-based data access and sharing software,Video conferencing software,Communications server software,Portal server software,Action games",151
20,20,"Information Technology,Engineering, Information Technology,Sales, Business Development,Marketing, Sales,Accounting/Auditing, Finance,Finance, Sales,Research, Analyst, Information Technology",,11
21,21,"Engineering, Information Technology,Finance, Other,Strategy/Planning, Information Technology, Consulting,Legal,Information Technology, Consulting, Engineering,Sales, Business Development,General Business, Administrative,Finance,Education, Training,Other, Finance,Finance, Sales,Marketing, Sales,Marketing, Public Relations, Writing/Editing,Management, Manufacturing",,44
22,22,"Engineering, Information Technology,Information Technology, Engineering,Project Management, Information Technology,Supply Chain, Manufacturing,Information Technology,Human Resources, Management, Strategy/Planning,Supply Chain,Information Technology, Project Management, Management,Human Resources,Sales, Business Development,Sales, Business Development, Management,Information Technology, Supply Chain,Customer Service, Information Technology,Business Development, Sales,Purchasing, Supply Chain,Accounting/Auditing, Finance,Management, Manufacturing,Administrative,Engineering,Supply Chain, Analyst,Research, Analyst, Information Technology,Finance, Information Technology,Finance, Sales,Finance, Supply Chain, Other,Finance,Accounting/Auditing,Training, Education, Human Resources,Consulting, Information Technology, Sales,Other, Information Technology, Management,Marketing,Consulting, Sales, General Business,Marketing, Sales","Inventory management software,Point of sale POS software,Cloud-based management software",112
23,23,"Engineering, Information Technology,Information Technology, Consulting,Research, Analyst, Information Technology,Engineering,Purchasing, Supply Chain, Information Technology,Business Development, Sales,Sales, Business Development,Marketing, Public Relations, Writing/Editing,Customer Service, Information Technology,Marketing, Sales,Design, Art/Creative, Information Technology,Legal,Accounting/Auditing, Finance,Accounting/Auditing,Education, Marketing, Training,Finance, Sales,Finance,Information Technology,Management,Human Resources,Product Management, Marketing,Sales,Accounting/Auditing, Information Technology, Consulting,General Business, Management, Marketing,Advertising, Marketing,Education, Training,Marketing, Advertising, General Business,Engineering, Project Management, Manufacturing",,100
24,24,"Engineering, Information Technology,Information Technology, Product Management, Engineering,Public Relations, Marketing, Information Technology,Project Management, Information Technology,Management, Manufacturing,Sales, Business Development,Finance, Information Technology,Design, Art/Creative, Information Technology,Product Management, Marketing,Information Technology,Consulting,Quality Assurance,Information Technology, Customer Service,Product Management, Marketing, Strategy/Planning,Finance, Information Technology, Engineering,Information Technology, Management,Marketing, Sales,Strategy/Planning, Consulting, Information Technology,Management, Information Technology, Consulting,Marketing,Product Management, Design, Information Technology",,58
25,25,"Analyst,Engineering, Information Technology,Information Technology,Product Management,Engineering,Information Technology, Engineering,Other,Research, Science,Legal,Management, Manufacturing,Consulting, Human Resources, Business Development,Sales, Business Development,Administrative,Finance, Sales,Marketing, Sales,Finance,Human Resources,Quality Assurance, Science, Health Care Provider,Customer Service, Information Technology,Business Development, Sales,Research, Analyst, Information Technology,Project Management, Research, Science,Sales, Management,Distribution, Supply Chain, Manufacturing,Project Management, Strategy/Planning, Supply Chain,Public Relations,Project Management, Information Technology,Health Care Provider,Quality Assurance, Project Management, Distribution,Accounting/Auditing, Finance,Accounting/Auditing, General Business, Administrative,Finance, Accounting/Auditing,Purchasing, Supply Chain,Business Development,Science, Consulting, Engineering,Product Management, Marketing,Marketing,Analyst, Customer Service, Marketing,Consulting, Information Technology, Sales,Marketing, Sales, Business Development,Marketing, Product Management,Public Relations, Marketing,Purchasing,Information Technology, Marketing, Project Management,Business Development, Marketing, Sales,Supply Chain,Design, Art/Creative, Information Technology,Information Technology, Consulting, Engineering,Engineering, Project Management",,113
26,26,"Other,Sales,Production, Quality Assurance, Product Management,Sales, Business Development,Information Technology,Customer Service, Information Technology,Management, Manufacturing,Education, Training,Business Development, Sales,Customer Service, Business Development,Design, Art/Creative, Information Technology,Health Care Provider",,46
27,27,"Engineering, Information Technology,Information Technology, Product Management, Engineering,Information Technology,Product Management,Legal, Human Resources, Information Technology,Information Technology, Supply Chain,Information Technology, Marketing,Project Management, Information Technology,Project Management,Marketing, Sales,Human Resources,Design,Finance,Purchasing, Supply Chain,Customer Service, Information Technology,Finance, Sales,Marketing,Legal, Consulting, Information Technology,General Business, Management, Marketing,Other,Marketing, Sales, Art/Creative,Design, Art/Creative, Information Technology,Project Management, Design",,48
28,28,"Engineering, Information Technology,Product Management, Marketing,Human Resources,Marketing, Public Relations, Writing/Editing,Management, Manufacturing,Advertising, Art/Creative, Design,Advertising, Analyst,Advertising,Business Development, Sales,Accounting/Auditing, Finance,Research, Analyst,Advertising, Marketing, Analyst,Marketing, Sales,Information Technology",,40
29,29,"Engineering, Information Technology,Other,Engineering, Information Technology, Consulting,Finance, Sales,Sales, Business Development,Project Management, Information Technology,Accounting/Auditing, Finance,Business Development, Sales,Information Technology,Management, Manufacturing,Marketing, Public Relations, Management,Management, General Business, Supply Chain,Purchasing, Supply Chain,Advertising,Human Resources,Marketing, Sales,Marketing, Sales, Purchasing,Research, Analyst, Information Technology,Customer Service, Information Technology,Sales, Business Development, Marketing,General Business, Management, Business Development,Design, Art/Creative, Information Technology,Marketing, Business Development,Management, Customer Service, Training,Other, Consulting, Strategy/Planning,Product Management, Marketing",,93
30,30,"Information Technology,Engineering, Information Technology,Information Technology, Consulting, Finance,Engineering, Finance, Information Technology,Information Technology, Product Management, Engineering,Finance, Information Technology,Research,Business Development, Engineering, Information Technology,Information Technology, Engineering,Engineering, Management, Science,Other,Customer Service, Information Technology,Product Management,Project Management, Information Technology,Information Technology, Marketing,Human Resources, Information Technology,Human Resources,Sales, Business Development,Human Resources, Analyst,Accounting/Auditing,Human Resources, Sales, Business Development,Project Management, Management, Product Management,Quality Assurance, Customer Service, Product Management,Marketing, Sales,Administrative,Education,Project Management, Consulting, Customer Service,Management, Manufacturing,Research, Analyst, Information Technology,Engineering, Consulting, Customer Service,Engineering,Customer Service,Education, Training,Business Development, Sales,Accounting/Auditing, Finance,Project Management, Finance,Finance, Sales,Consulting, Information Technology, Sales,Human Resources, Consulting,Finance,Marketing, Public Relations, Writing/Editing,Marketing,Design, Art/Creative, Information Technology,Marketing, Advertising, Project Management,Writing/Editing, Marketing, Product Management,Marketing, Information Technology, Strategy/Planning,Marketing, Advertising, Product Management,Marketing, Public Relations,Product Management, Marketing,Marketing, Sales, Business Development,Marketing, Engineering,Sales,Customer Service, Advertising, Public Relations,Design, Business Development",,175
31,31,"Marketing, Business Development, Strategy/Planning,Sales, Business Development, Finance,Advertising, Art/Creative, Marketing,Information Technology,Sales, Business Development,Supply Chain, Distribution, Manufacturing,Business Development,Other,Management, Manufacturing,Marketing, Public Relations, Writing/Editing,Legal, Strategy/Planning, Consulting,General Business,Marketing, Sales,Human Resources, Strategy/Planning,Sales, Business Development, Product Management,Sales,Business Development, Sales,Marketing,Advertising, Marketing, Product Management,Engineering,Analyst, Supply Chain,Administrative, Customer Service,Customer Service, Information Technology,Sales, Management,Analyst, Consulting, Research,Manufacturing, Product Management, Project Management,Finance,Accounting/Auditing, Analyst, Finance,Finance, Management, Other,Accounting/Auditing, Finance, Information Technology,Accounting/Auditing, Finance,Project Management, Management, Product Management,Science, Other,Business Development, Finance,Marketing, Sales, Project Management,Art/Creative, Marketing, Writing/Editing,General Business, Marketing, Other,Product Management, Engineering, Marketing,Marketing, Product Management,Business Development, Strategy/Planning, Product Management,Consulting, Strategy/Planning, Information Technology,Marketing, Project Management,Marketing, Sales, Science,Business Development, General Business, Sales,Public Relations, Marketing,Strategy/Planning, Other,Marketing, Public Relations,Marketing, Sales, Product Management,Advertising,Design, Art/Creative, Information Technology,Product Management, Marketing,Business Development, Public Relations, Marketing,Management, Marketing,Marketing, Business Development, Public Relations,Human Resources",,119
32,32,"Engineering, Information Technology,Information Technology, Engineering,Art/Creative, Design, Product Management,Finance, Administrative, Accounting/Auditing,General Business, Management, Consulting,Quality Assurance, Information Technology, Engineering,Finance, Product Management, Engineering,Art/Creative, Design, Writing/Editing,Sales, Business Development,Finance, Accounting/Auditing, Other,Marketing,Engineering,Analyst,Information Technology,Training, Human Resources,Management, Manufacturing,Finance, Sales,Customer Service,Advertising, Public Relations, Marketing,Human Resources, Consulting",,72
33,33,"Engineering, Information Technology,Information Technology,Information Technology, Analyst, Other,Engineering,Engineering, Information Technology, Consulting,General Business,Analyst, Research, Engineering,Information Technology, Engineering,Sales, Business Development,Consulting,Project Management, Information Technology,Sales,Education, Training,Marketing, Sales,Strategy/Planning,Advertising, Public Relations, Marketing,Product Management,Legal, Quality Assurance,Sales, Business Development, Other,Business Development, Sales,Product Management, Marketing,Management, Manufacturing,Customer Service, Information Technology,Finance, Sales,Finance,Customer Service,Business Development,Marketing,Marketing, Advertising, Public Relations,Marketing, Product Management, Project Management,Marketing, Business Development,Business Development, Marketing, Product Management,Marketing, Public Relations, Strategy/Planning,Marketing, Art/Creative, Strategy/Planning,Engineering, Design, Research,Design",Transaction security and virus protection software,147
34,34,"Finance, Analyst, Information Technology,Engineering, Information Technology,Project Management, Analyst, Information Technology,Finance, Sales,Design, Marketing, Information Technology,Legal,Accounting/Auditing, Strategy/Planning,Accounting/Auditing, Finance,Analyst,Research, Analyst, Information Technology,Business Development, Strategy/Planning, Analyst,Accounting/Auditing,Information Technology,Information Technology, Consulting,Project Management, Quality Assurance, Customer Service,Sales,Finance, Other,Finance, Management, Product Management,Distribution, Engineering,Sales, Business Development,Legal, Consulting,Information Technology, Project Management, Finance,Administrative,Supply Chain, Accounting/Auditing, Finance,Sales, Management,Finance, Information Technology,Strategy/Planning, Accounting/Auditing, Finance,Management, Accounting/Auditing,Finance, Consulting,Management, Strategy/Planning, Consulting,General Business,Other,Consulting,Accounting/Auditing, Finance, Management,Consulting, Information Technology, Product Management,Project Management,Finance, Accounting/Auditing, Analyst,Analyst, Finance,Education, Training,Design, Consulting, Art/Creative,Business Development, Sales,Finance,Accounting/Auditing, Finance, Other,Consulting, Product Management, Production,Marketing, Public Relations, Writing/Editing,Product Management, Marketing,Marketing, Sales,Design, Art/Creative, Information Technology,Advertising, Marketing, Art/Creative,Business Development, Marketing,Marketing, Business Development,Finance, Marketing","Negotiation,Analytical or scientific software,Audit software",137
35,35,"Management,Engineering, Information Technology,Information Technology,Finance, Sales,Engineering,Information Technology, Engineering,Engineering, Information Technology, Strategy/Planning,Sales,Product Management, Engineering, Supply Chain,Customer Service, Information Technology,Sales, Business Development,Analyst, Finance,Information Technology, Finance,Research, Analyst, Information Technology,Business Development, Sales,Finance,Other,Design, Art/Creative, Information Technology,Management, Manufacturing,Consulting, Information Technology, Marketing,Product Management, Marketing",Data mining software,106
36,36,"Engineering, Information Technology,Analyst, Information Technology, Engineering,Sales, Product Management, Customer Service,Sales, Business Development,Customer Service, Sales, Business Development,Consulting,General Business, Sales, Customer Service,Sales, Distribution, Business Development,Strategy/Planning, Consulting, Information Technology,Marketing, Sales, Advertising,Sales,Advertising, Marketing, Purchasing,Business Development, Sales,Marketing, Sales,Finance, Sales,Administrative, Customer Service,Advertising, Project Management,Information Technology,Human Resources,Management, Manufacturing,Business Development,Customer Service, Distribution,Customer Service, Information Technology,Other,Engineering,Management, Strategy/Planning, Consulting,Marketing, Public Relations, Writing/Editing,Consulting, Information Technology, Sales,Accounting/Auditing, Finance,Information Technology, Product Management, Engineering,Product Management, Marketing,Customer Service, Product Management, Sales,Writing/Editing, Marketing,Marketing,Marketing, Project Management,Advertising, Marketing, Product Management,General Business,Marketing, Analyst, Supply Chain,Writing/Editing, Project Management,Strategy/Planning, Information Technology,Purchasing, Supply Chain, Finance,Public Relations, Marketing,Marketing, Product Management,Information Technology, Marketing,Design","Customer relationship management CRM software,Sales and marketing software,Materials requirements planning logistics and supply chain software,Procurement software,Contact center software",172
37,37,"Information Technology, Engineering,Accounting/Auditing, Finance,Finance, Sales,Sales,Information Technology,Management, Manufacturing,Accounting/Auditing, Finance, Administrative,Accounting/Auditing,Finance, Accounting/Auditing,Other,Human Resources, Other,Project Management, Information Technology,Engineering, Project Management,Business Development, Sales,Administrative,Health Care Provider, Accounting/Auditing, Finance,Finance,Accounting/Auditing, Finance, Other,Finance, Advertising,Finance, Accounting/Auditing, General Business,Accounting/Auditing, Finance, Engineering,Finance, Other,Finance, Accounting/Auditing, Analyst,Finance, Analyst, Strategy/Planning,Marketing, Sales, Advertising,Accounting/Auditing, Consulting,General Business, Accounting/Auditing, Finance,Administrative, Accounting/Auditing, Finance,Administrative, Finance, Accounting/Auditing,Manufacturing, Finance,Research, Analyst, Information Technology,Finance, Information Technology, Product Management,Administrative, Finance,Finance, Accounting/Auditing, Other,Manufacturing, Finance, Strategy/Planning,Finance, Accounting/Auditing, Consulting,Education, Training,Analyst, Marketing,Marketing, Sales","Management of Material Resources,Financial analysis software,Procedure management software",133
38,38,"Administrative, General Business, Customer Service,Customer Service, Information Technology",,24
39,39,"Engineering, Information Technology,Finance,Information Technology,Management, Distribution, Supply Chain,Research, Analyst, Information Technology,Sales, Business Development,Management, Manufacturing,Project Management, Information Technology,Accounting/Auditing, Finance,Finance, Sales,Marketing,Quality Assurance, Information Technology,Customer Service, Information Technology,Product Management, Marketing,Quality Assurance,Information Technology, Product Management, Engineering,Other,Administrative,Marketing, Consulting, Analyst,Project Management, Customer Service, Marketing,Design, Art/Creative, Information Technology",,50
40,40,"Information Technology, Engineering,Strategy/Planning, Information Technology,Information Technology,Legal, Consulting,Management, Strategy/Planning, Consulting,Finance,Advertising, Art/Creative, Marketing,Design,Design, Information Technology",,18
41,41,"Engineering, Information Technology,Management, Manufacturing,Project Management, Information Technology,Information Technology,Business Development, Administrative, Analyst,Business Development, Sales,Product Management, Marketing,Marketing, Sales,Public Relations,Design, Art/Creative, Information Technology",,40
42,42,"Engineering, Information Technology,Information Technology,Strategy/Planning, Analyst, Science,Accounting/Auditing,Accounting/Auditing, Management","Service Orientation,Equipment Selection,Installation,Operations Monitoring,Systems Evaluation,Data base user interface and query software,Content workflow software,Enterprise application integration software,Office suite software,Web platform development software,Internet browser software,Operating system software,Computer aided design CAD software,Metadata management software,Access software,Computer aided manufacturing CAM software,Medical software,Geographic information system,Facilities management software,Network monitoring software,Backup or archival software,Application server software,Network conferencing software,Multi-media educational software,Software defined networking/ virtualization software,Filesystem software,Network security and virtual private network VPN equipment software,Platform interconnectivity software,LAN software,Wireless software,Cloud-based protection or security software,Network connectivity terminal emulation software,Graphical user interface development software,Label making software,WAN switching software and firmware,License management software,Network operation system software,Administration software,Network security or virtual private network VPN management software,Gateway software,Internet directory services software,Storage networking software,Internet protocol IP multimedia subsystem software,Authentication server software,Clustering software,Network operating system enhancement software,Switch or router software,Bridge software,Optical network management software,Storage media loading software,Device drivers or system software,Library software,Graphics card driver software,Computer aided design CAD and computer aided manufacturing CAM system",66
43,43,"Engineering, Information Technology,Sales",,24
44,44,"Engineering, Information Technology,Information Technology,Finance, Sales,Sales, Business Development,Marketing,Project Management, Information Technology,Other,Research, Analyst, Information Technology,Marketing, Sales,Management, Manufacturing,Analyst, Strategy/Planning, Marketing,Marketing, Advertising, Product Management,Marketing, Sales, Project Management,Marketing, Administrative, Advertising,Art/Creative, Design,Marketing, Advertising,Marketing, Public Relations,Design, Art/Creative",,42
45,45,"Education, Engineering, Information Technology,Information Technology,Engineering, Information Technology,Information Technology, Engineering,Information Technology, Finance,Analyst, Information Technology, Engineering,Engineering,Finance, Engineering,Information Technology, Management, Product Management,Engineering, Information Technology, Product Management,Engineering, Information Technology, Other,Engineering, Finance, Information Technology,Product Management, Marketing,Other,Business Development, Sales,Accounting/Auditing, Information Technology,Advertising, Public Relations, Marketing,Management, Analyst, Information Technology,Human Resources,Sales, Marketing, Information Technology,Customer Service, Information Technology,Manufacturing, Engineering, Management,Analyst, Information Technology,Finance, Sales,Advertising, Marketing,Project Management, Business Development, Other,Training, Administrative, Human Resources,Project Management, Information Technology,Purchasing, Supply Chain,Marketing, Sales,Human Resources, Administrative, Consulting,Management, Manufacturing,Accounting/Auditing, Finance,Supply Chain,Finance, Information Technology,Research,Accounting/Auditing,Project Management,Quality Assurance, Customer Service, Product Management,Human Resources, Administrative, Project Management,Consulting, Information Technology, Engineering,Product Management,Engineering, Business Development, Management,Consulting,Sales, Other, Marketing,Design, Engineering,Sales, Business Development,Distribution, Project Management, Other,Finance,Administrative, Sales, Finance,Strategy/Planning, Consulting, Accounting/Auditing,Consulting, Accounting/Auditing,Research, Analyst, Information Technology,Accounting/Auditing, Finance, Administrative,Administrative,Marketing, Writing/Editing,Education, Training,Sales, Marketing, Customer Service,Marketing, Product Management,Marketing,Information Technology, Research,Advertising, Other,Marketing, Advertising, Strategy/Planning,Information Technology, Product Management, Research,Marketing, Business Development, Consulting,Writing/Editing, Advertising, Human Resources,Advertising, Art/Creative, Marketing,Design, Art/Creative, Information Technology,Product Management, Design, Project Management,Engineering, Information Technology, Research,Design",,199
46,46,"Information Technology,Information Technology, Engineering,Engineering, Information Technology,Art/Creative, Marketing,Information Technology, Marketing, Research,Legal, Marketing, Public Relations,Consulting, Project Management, Quality Assurance,Marketing, Sales,Finance, Product Management,Information Technology, Legal,Marketing, Sales, Advertising,Advertising, Marketing, Analyst,Strategy/Planning",,25
47,47,"Engineering, Information Technology,Information Technology, Consulting, Project Management,Management, Manufacturing,Information Technology,Human Resources,Sales, Business Development,Project Management, Quality Assurance, Other,Customer Service,Human Resources, Administrative,Legal, Other, General Business,Other, Finance,Accounting/Auditing,Marketing, Sales,Customer Service, Other, General Business,Project Management, Information Technology,Administrative, Human Resources, Purchasing,Finance, Sales,Administrative, Marketing,Management, General Business, Other,Human Resources, Training, Administrative,Human Resources, Management,Other,Marketing, Public Relations, Writing/Editing,Administrative,Project Management, Information Technology, Management,Management,Business Development, Sales,Human Resources, Strategy/Planning,Accounting/Auditing, Information Technology,Supply Chain, Human Resources, Strategy/Planning,Customer Service, Information Technology,Product Management,Education, Training,Analyst, Information Technology, Engineering,Finance, Accounting/Auditing,Accounting/Auditing, Finance,Training, Education, Human Resources,Human Resources, Marketing, Public Relations,Finance, Marketing,Marketing,Advertising, Marketing","Management of Personnel Resources,Human resources software",135
48,48,"Engineering, Information Technology,Information Technology,Finance, Information Technology,Project Management, Information Technology,Design, Art/Creative, Information Technology,Engineering,Management, Manufacturing,Manufacturing, Engineering, Project Management,Finance, Information Technology, Engineering,Engineering, Production,Other,Engineering, Training,Finance, Accounting/Auditing,Administrative, Project Management,Management, Customer Service, Engineering,Sales, Management,Strategy/Planning, Consulting, Information Technology,General Business, Information Technology, Engineering,Administrative,Human Resources,Quality Assurance,Consulting, Project Management,Finance, Production,Research, Analyst, Information Technology,Business Development, Sales,Project Management, Finance,Other, Information Technology, Management,Project Management, Engineering, Management,Purchasing, Supply Chain,Finance, Sales,Information Technology, Finance,Accounting/Auditing, Finance, Other,Sales, Business Development,Accounting/Auditing, Finance,Production,General Business, Finance, Analyst,Analyst, Research, Finance,Information Technology, Product Management, Design,Engineering, Purchasing, Supply Chain,Marketing, Customer Service,Design, Engineering, Manufacturing,Quality Assurance, Design,Design, Engineering, Project Management","Equipment Maintenance,Troubleshooting,Repairing,Quality Control Analysis,Systems Analysis,Time Management,Compliance software,Manufacturing execution system MES software",133
