,TFIDF Cluster,jobSkill_x,jobSkill_y,title
0,0,"Engineering, Information Technology,Information Technology",Cloud-based protection or security software,4
1,1,"Customer Service, Information Technology,Business Development, Sales,Management, Manufacturing,Supply Chain, Analyst",,6
2,2,"Engineering, Information Technology,Other,Sales, Business Development,Research, Analyst, Information Technology",,15
3,3,"Engineering, Information Technology, Consulting,Engineering, Information Technology,Information Technology,Information Technology, Engineering,Engineering",,30
4,4,"Customer Service, Information Technology,Product Management,Management, Manufacturing,Sales, Business Development,Finance,Accounting/Auditing,Administrative, Finance",,12
5,5,Information Technology,,28
6,6,"Analyst,Public Relations, Marketing, Information Technology,Marketing, Sales,Business Development, Sales,Writing/Editing, Design, Project Management,Marketing, Public Relations, Writing/Editing,Project Management, Information Technology, Engineering,Marketing,Marketing, Advertising,Distribution, Marketing, Finance,Advertising, Art/Creative, Marketing,Marketing, Other,Consulting, Strategy/Planning, Information Technology,Marketing, Advertising, Strategy/Planning,Marketing, Art/Creative, Design,Marketing, Sales, Customer Service,Marketing, Business Development, Consulting,Marketing, Art/Creative, Writing/Editing,Information Technology, Strategy/Planning, Sales,Finance, Marketing,Marketing, Strategy/Planning,Engineering, Information Technology,Sales, Business Development,Marketing, Art/Creative, Advertising,Marketing, Design, Analyst,Marketing, Public Relations, Education,Business Development, Information Technology, Marketing",,62
7,7,"Finance, Accounting/Auditing, Analyst,Marketing, Product Management, Strategy/Planning,Sales,Supply Chain, Analyst,Customer Service, Information Technology,Marketing,Management, Manufacturing,Marketing, Sales",,10
8,8,"Information Technology, Engineering,Strategy/Planning, Information Technology,Information Technology,Legal, Consulting,Management, Strategy/Planning, Consulting,Finance,Advertising, Art/Creative, Marketing,Design,Design, Information Technology",,18
9,9,"Marketing, Public Relations, Management,Advertising, Marketing,Marketing,Marketing, Sales, Project Management,Marketing, Advertising,Marketing, Sales,Marketing, Art/Creative, Strategy/Planning,Marketing, Public Relations,Marketing, Sales, Product Management",,25
10,10,"Finance, Information Technology,Accounting/Auditing, Finance,Finance, Sales,Finance, Accounting/Auditing, Other,Accounting/Auditing,Human Resources, Finance, Advertising,Finance, Accounting/Auditing,Engineering, Project Management,Health Care Provider, Accounting/Auditing, Finance,Finance,Strategy/Planning, Accounting/Auditing, Finance,Finance, Analyst, Strategy/Planning,Administrative, Accounting/Auditing, Finance,Accounting/Auditing, Finance, Other,Accounting/Auditing, Finance, Health Care Provider,Finance, Accounting/Auditing, Strategy/Planning,Manufacturing, Finance, Strategy/Planning",,39
11,11,"Analyst, Consulting, Project Management,Engineering, Information Technology,Information Technology,Other, Information Technology, Production,Project Management, Information Technology,Legal,Engineering,Project Management, Supply Chain, Strategy/Planning,Finance, Legal,Other,Management, Manufacturing,Purchasing, Supply Chain, Information Technology,Project Management, Quality Assurance, Other,Customer Service,Manufacturing, Engineering, Project Management,Supply Chain,Legal, Other, General Business,Human Resources,Other, Finance,Engineering, Production,Customer Service, Information Technology,Sales,Sales, Business Development,Information Technology, Customer Service,Project Management, Analyst, Consulting,Business Development,Finance, Accounting/Auditing,Administrative, Project Management,Administrative,Administrative, Marketing,Production, Quality Assurance, Product Management,Product Management, Marketing,Management, General Business, Other,Business Development, Sales,Management, Customer Service, Engineering,Information Technology, Project Management, Management,General Business,Information Technology, Engineering, Other,Project Management, Information Technology, Management,Art/Creative, Design, Writing/Editing,General Business, Information Technology, Engineering,Legal, Other, Management,Sales, Business Development, Product Management,Purchasing, Supply Chain,Consulting, Project Management,Distribution, Supply Chain, Manufacturing,Finance, Production,Project Management, Engineering,Management, Supply Chain, Customer Service,Customer Service, Distribution,Education, Training,Project Management, Finance,Analyst, Supply Chain,Design, Art/Creative, Information Technology,Other, Information Technology, Management,Project Management, Engineering, Management,Consulting, Information Technology, Sales,Marketing, Public Relations, Writing/Editing,Distribution, Project Management, Other,Finance, Information Technology,Finance, Sales,Finance, Supply Chain, Other,Accounting/Auditing,Finance,Finance, Other,Accounting/Auditing, Consulting,Finance, Project Management, Administrative,Management, Strategy/Planning, Consulting,Information Technology, Finance,Research, Analyst, Information Technology,Production,Supply Chain, Finance,Project Management, Management, Product Management,Business Development, Finance,Analyst, Research, Finance,Consulting,Accounting/Auditing, Finance, Other,Writing/Editing, Marketing,Marketing, Sales,Marketing,Consulting, Sales, General Business,Marketing, Project Management,Marketing, Public Relations,Business Development, Information Technology, Marketing,Marketing, Business Development, Public Relations,Design, Project Management, Business Development,Quality Assurance, Design,Quality Assurance,Analyst,Design, Engineering, Project Management",Time Management,254
12,12,"Engineering, Information Technology,Information Technology, Engineering,Information Technology,Engineering,Research, Analyst, Information Technology,Product Management, Marketing,Management, Manufacturing,Other",,17
13,13,"Accounting/Auditing, Finance, Administrative,Finance, Accounting/Auditing,Accounting/Auditing,Accounting/Auditing, Finance,Finance, Advertising,Administrative,Marketing, Advertising, Strategy/Planning,Finance, Sales,Finance,Finance, Accounting/Auditing, General Business,Accounting/Auditing, General Business, Administrative,Accounting/Auditing, Finance, Engineering,Finance, Accounting/Auditing, Analyst,Marketing, Sales, Advertising,Administrative, Finance, Accounting/Auditing,Finance, Information Technology, Product Management,Finance, Accounting/Auditing, Other",,47
14,14,"Engineering, Information Technology,Design, Art/Creative, Information Technology",,18
15,15,"Finance, Sales,Accounting/Auditing, Finance,Information Technology,Project Management, Information Technology,Engineering, Information Technology,Quality Assurance,Research, Analyst, Information Technology,Management, Manufacturing,Customer Service, Information Technology,Marketing, Sales,Business Development, Sales,Human Resources,Design, Art/Creative, Information Technology",,30
16,16,"Engineering, Information Technology,Other,Management, Manufacturing,Business Development, Sales,Administrative,Consulting, Information Technology, Sales",,7
17,17,"Engineering, Information Technology",,34
18,18,"Information Technology,Engineering, Information Technology,Analyst,Business Development, Management, Information Technology,Management,Information Technology, Engineering,Information Technology, Product Management, Engineering,Design, Information Technology, Engineering,Engineering,Information Technology, Finance,Engineering, Information Technology, Other,Research, Analyst, Information Technology,Engineering, Information Technology, Project Management,Information Technology, Consulting, Engineering,Engineering, Information Technology, Product Management,Analyst, Research, Engineering,Engineering, Information Technology, Consulting,Engineering, Information Technology, Research",Technology Design,161
19,19,"Human Resources, Administrative,Human Resources,Human Resources, Management,Human Resources, Strategy/Planning,Human Resources, Other,Human Resources, Marketing, Public Relations",Management of Personnel Resources,19
20,20,"Engineering, Information Technology,Other,Management, Manufacturing,Sales, Business Development,Sales, Management,Finance, Sales,Marketing, Sales,Design, Art/Creative, Information Technology",,13
21,21,"Engineering, Information Technology,Research, Analyst, Information Technology,Business Development, Sales,Accounting/Auditing, Finance,Finance, Sales",,8
22,22,"Engineering, Information Technology,Management, Manufacturing,Project Management, Information Technology,Information Technology,Business Development, Sales,Product Management, Marketing,Marketing, Sales,Design, Art/Creative, Information Technology",,37
23,23,"Engineering, Information Technology,Finance, Sales,Information Technology",,40
24,24,"Finance, Analyst, Information Technology,Engineering, Information Technology,Engineering,Information Technology,Engineering, Finance, Information Technology,Information Technology, Engineering,Information Technology, Consulting,Engineering, Information Technology, Finance,Product Management,Finance, Sales,Project Management, Quality Assurance, Customer Service,Consulting, Finance, Other,Sales, Business Development,Sales,Sales, Management,Finance,Consulting, Information Technology, Sales,Other,Education, Training,Other, Finance,Business Development, Finance,Research, Analyst, Information Technology,Information Technology, Product Management, Design,Design, Art/Creative, Information Technology,Business Development, Sales,Marketing, Sales",,73
25,25,"Engineering, Information Technology,Analyst, Consulting, Research,Information Technology, Marketing, Project Management,Marketing",,8
26,26,"Sales, Business Development,Project Management, Information Technology,Marketing, Sales",,5
27,27,"Administrative, General Business, Customer Service,Customer Service, Information Technology",,24
28,28,"Information Technology, Product Management, Engineering,Product Management, Marketing,Information Technology,Project Management, Information Technology,Strategy/Planning, Consulting, Information Technology,Product Management,Engineering, Information Technology,Product Management, Design,Product Management, Design, Project Management,Finance, Product Management, Engineering,Design, Art/Creative, Information Technology,Consulting,Management, Manufacturing,Business Development, Sales,Information Technology, Customer Service,Marketing,Finance, Sales,Finance, Information Technology, Engineering,Analyst, Sales, Product Management,Information Technology, Product Management,Public Relations, Marketing, Information Technology,Marketing, Sales,Information Technology, Research",,61
29,29,"Marketing,Marketing, Sales,Engineering, Information Technology,Finance, Information Technology, Engineering,Marketing, Writing/Editing,Consulting,Sales, Business Development,Product Management, Marketing, Strategy/Planning,Marketing, Product Management,General Business, Management, Marketing,Customer Service, Information Technology,General Business,Marketing, Advertising, Writing/Editing,Information Technology,Project Management, General Business, Product Management,Public Relations,Marketing, Advertising,Marketing, Advertising, Project Management,Marketing, Business Development, Advertising,Writing/Editing, Marketing, Product Management,Marketing, Sales, Advertising,Marketing, Analyst, Supply Chain,Advertising, Marketing, Analyst,Marketing, Advertising, Product Management,Marketing, Business Development, Strategy/Planning,Marketing, Product Management, Project Management,Information Technology, Marketing,Marketing, Marketing,Analyst, Customer Service, Marketing,Sales,Business Development, Marketing, Product Management,Management, Strategy/Planning, Product Management,Design, Art/Creative, Information Technology,Marketing, Writing/Editing, Strategy/Planning,Other,Marketing, Information Technology, Analyst,Marketing, Business Development,Sales, Information Technology, Consulting,Marketing, Strategy/Planning, Business Development,Marketing, Consulting, Analyst,Marketing, Sales, Public Relations,Project Management,Public Relations, Marketing,Management, Manufacturing,Writing/Editing, Advertising, Human Resources,Marketing, Sales, Business Development,Product Management, Marketing, Engineering,Business Development, Public Relations, Marketing,Human Resources",,142
30,30,"Marketing, Sales,Design,Other,Research, Analyst, Information Technology,Engineering, Information Technology,Product Management, Design, Information Technology,Product Management, Design, Project Management,Product Management, Marketing",,9
31,31,"Information Technology,Engineering, Information Technology",,7
32,32,"Engineering, Information Technology",Mobile messaging service software,14
33,33,"Engineering, Information Technology,Research",Optical network management software,7
34,34,"Engineering,Information Technology,Engineering, Information Technology,Marketing,Information Technology, Marketing",,32
35,35,"Engineering,Engineering, Information Technology,Management, Manufacturing,Information Technology,Administrative","Equipment Selection,Installation,Equipment Maintenance,Repairing",20
36,36,"Engineering, Information Technology,Business Development, Sales,Purchasing, Supply Chain,Sales, Business Development,Design, Art/Creative, Information Technology,Project Management, Information Technology,Other,Quality Assurance,Information Technology,Marketing, Sales,Customer Service, Information Technology,Finance, Sales,Management, Manufacturing,Administrative,Legal,Human Resources,Product Management, Marketing",,51
37,37,"Engineering, Information Technology",,7
38,38,"Engineering, Information Technology,Information Technology, Engineering,Business Development, Sales,Finance,Education, Training",,8
39,39,"Project Management, Analyst, Information Technology,Engineering, Information Technology,General Business, Finance, Analyst",,9
40,40,"Engineering, Information Technology,Project Management, Information Technology,Information Technology,Business Development, Sales,Sales, Business Development,Management, Manufacturing",,16
41,41,"Engineering, Information Technology,Information Technology, Management, Product Management",,12
42,42,"Marketing,Information Technology,Legal, Information Technology,Management, Manufacturing,Advertising, Marketing,Supply Chain, Distribution, Manufacturing,Purchasing, Supply Chain,Marketing, Sales,Other,Project Management, Information Technology,Quality Assurance,Business Development, Sales,Sales, Other, Marketing,Advertising, Marketing, Product Management,Quality Assurance, Project Management, Distribution,Business Development, Administrative, Analyst,Sales, Marketing, Customer Service,Marketing, Public Relations, Advertising,Purchasing, Supply Chain, Finance,Advertising,Marketing, Sales, Business Development,Marketing, Product Management,Marketing, Business Development,Purchasing,Marketing, Writing/Editing,Sales",,43
43,43,"Engineering, Information Technology,General Business,Information Technology,Product Management, Marketing",,18
44,44,"Engineering, Information Technology,Information Technology,Information Technology, Engineering",,43
45,45,"Engineering, Information Technology,Sales, Business Development,Customer Service, Information Technology,Finance, Sales,Human Resources,Research, Analyst, Information Technology,Marketing, Sales,Information Technology",,11
46,46,"Engineering, Information Technology,Accounting/Auditing,Accounting/Auditing, Management,Information Technology","Monitoring,Instructing,Service Orientation,Operations Monitoring,Operation and Control,Data base user interface and query software,Customer relationship management CRM software,Accounting software,Data base reporting software,Electronic mail software,Enterprise resource planning ERP software,Time accounting software,Enterprise application integration software,Human resources software,Project management software,Analytical or scientific software,Financial analysis software,Data base management system software,Internet browser software,Calendar and scheduling software,Business intelligence and data analysis software,Video conferencing software,Operating system software,Computer aided design CAD software,Metadata management software,Access software,Computer aided manufacturing CAM software,Transaction server software,Medical software,Desktop communications software,Geographic information system,Communications server software,Enterprise system management software,Facilities management software,Inventory management software,Information retrieval or search software,Materials requirements planning logistics and supply chain software,Transaction security and virus protection software,Process mapping and design software,Point of sale POS software,Object oriented data base management software,Configuration management software,Object or component oriented development software,Cloud-based management software,Industrial control software,Backup or archival software,Map creation software,Multi-media educational software,Expert system software,Filesystem software,Helpdesk or call center software,Wireless software,Compliance software,Graphical user interface development software,Requirements analysis and system architecture software,Program testing software,Procurement software,Label making software,Route navigation software,Mobile location based services software,Charting software,File versioning software,Categorization or classification software,Interactive voice response software,Optical character reader OCR or scanning software,License management software,Audit software,Data conversion software,Pattern design software,Compiler and decompiler software,Clustering software,Network operating system enhancement software,Bridge software,Storage media loading software,Device drivers or system software,Flight control software,Aviation ground support software,Voice recognition software,Legal management software,Spell checkers,Printer driver software,Computer aided design CAD and computer aided manufacturing CAM system,Procedure management software",88
47,47,"Engineering, Information Technology,Information Technology,Information Technology, Engineering,Engineering,Information Technology, Finance, Consulting,Product Management,Engineering, Information Technology, Manufacturing,Analyst, Information Technology, Engineering,Engineering, Information Technology, Strategy/Planning,Information Technology, Consulting, Project Management,Customer Service, Sales, Business Development,Engineering, Management, Science,Other,Analyst,Sales,Human Resources,Marketing, Sales, Business Development,Research, Science,Other, Information Technology, Management,Project Management, Information Technology,Information Technology, Finance, Marketing,Manufacturing, Engineering, Management,Marketing, Sales,Business Development, Sales,Marketing, Public Relations, Writing/Editing,Administrative, Human Resources, Purchasing,Business Development, Marketing,Management, Manufacturing,Purchasing, Supply Chain,Sales, Business Development,Product Management, Marketing,Sales, Management,Administrative, Consulting,Accounting/Auditing,Human Resources, Administrative, Consulting,Design, Art/Creative, Information Technology,Project Management, Information Technology, Management,Sales, Business Development, Management,Engineering, Design,Finance, Other,Information Technology, Customer Service,Education,Human Resources, Management, Strategy/Planning,Product Management, Engineering, Supply Chain,Engineering, Business Development, Management,Strategy/Planning, Analyst, Science,Research, Analyst, Information Technology,Customer Service, Information Technology,Accounting/Auditing, Finance,Education, Training,Administrative, Customer Service,Health Care Provider,Finance, Sales,Legal,Analyst, Strategy/Planning,Management, Accounting/Auditing, Other,Finance,General Business,Finance, Management, Other,Education, Marketing, Training,Consulting,Engineering, Purchasing, Supply Chain,Research, Science, Management,Marketing,Business Development,Advertising, Marketing, Strategy/Planning,Consulting, Information Technology, Project Management,Strategy/Planning, Information Technology,Sales, Marketing,Marketing, Customer Service, Management,Administrative,Design, Engineering, Information Technology,Finance, Design,Consulting, Engineering, Project Management,Engineering, Design, Research,Engineering, Manufacturing, Design,Design,Engineering, Project Management","Reading Comprehension,Active Listening,Writing,Speaking,Mathematics,Science,Critical Thinking,Learning Strategies,Coordination,Persuasion,Negotiation,Operations Analysis,Troubleshooting,Quality Control Analysis,Judgment and Decision Making,Systems Analysis,Systems Evaluation,Management of Financial Resources,Management of Material Resources,Presentation software,Spreadsheet software,Mailing and shipping software,Manufacturing execution system MES software,Data compression software,Library software,Dictionary software,Foreign language software,Text to speech conversion software,Fax software,Bar coding software,Graphics card driver software,Voice synthesizer and recognition software",305
48,49,"Management, Manufacturing,Sales, Business Development,Customer Service, Information Technology,Education, Training,Customer Service, Business Development,Management, Customer Service, Training",,16
49,50,"Engineering,Management, Manufacturing,Product Management, Marketing,Project Management, Information Technology,Business Development, Sales,Consulting, Information Technology, Sales,Customer Service, Information Technology,Marketing, Sales,Other,Engineering, Information Technology",,20
50,51,"Engineering, Information Technology,Finance, Sales,Customer Service, Information Technology,Marketing, Sales,Other,Design, Art/Creative, Information Technology",,16
51,52,"Accounting/Auditing, Finance,Finance, Sales,Administrative,Project Management, Information Technology,Engineering, Information Technology,Marketing, Sales",,9
52,53,"Accounting/Auditing, Strategy/Planning,Information Technology,General Business, Management, Consulting,Other,Finance, Sales,Finance, Sales, Analyst,Analyst, Finance,Strategy/Planning, Consulting, Information Technology,Finance, Management, Product Management,Sales, Business Development,Finance,Research, Analyst, Information Technology,Business Development, Sales,Management, Manufacturing",Risk management data and analysis software,23
53,54,Other,,17
54,56,"Information Technology,Engineering,Engineering, Information Technology,Research,Research, Analyst, Information Technology,Design, Marketing, Information Technology,Information Technology, Engineering,Management, Supply Chain,Human Resources,Consulting,Design, Art/Creative, Information Technology,Finance,Sales, Business Development, Finance,Purchasing, Supply Chain,Training, Management, Customer Service,General Business, Management, Strategy/Planning,Management, Manufacturing,Business Development, Sales,Sales, Business Development,Other,Customer Service, Information Technology,Project Management, Information Technology,Human Resources, Information Technology,Management, Analyst, Information Technology,Business Development, Information Technology,Marketing, Public Relations, Writing/Editing,Management, Consulting, Finance,Analyst, Information Technology,Purchasing, Distribution, Supply Chain,Sales,Supply Chain,Project Management, Business Development, Other,Finance, Accounting/Auditing,Customer Service, Information Technology, Engineering,Marketing, Sales,Consulting, Project Management, Quality Assurance,Accounting/Auditing, Finance,Legal, Quality Assurance,Business Development, Consulting, Sales,Sales, Business Development, Other,Product Management, Marketing,Quality Assurance, Customer Service, Product Management,Finance, Sales,Project Management, Management, Product Management,Strategy/Planning,Sales, Business Development, Information Technology,Project Management, Product Management, Engineering,Project Management, Management, Strategy/Planning,Supply Chain, Human Resources, Strategy/Planning,Consulting, Information Technology, Engineering,Manufacturing,General Business, Other,Information Technology, Legal,Marketing,Project Management, Strategy/Planning, Supply Chain,Engineering, Consulting, Customer Service,Consulting, Information Technology, Sales,Public Relations,Customer Service, Sales,Customer Service,Design, Engineering,Legal,Finance, Accounting/Auditing, Legal,Training, Education,Manufacturing, Product Management, Project Management,General Business, Management, Business Development,Consulting, Information Technology, Finance,Administrative,Business Development,Information Technology, Finance,Science, Consulting, Engineering,Analyst, Information Technology, Consulting,Information Technology, Management,Consulting, Information Technology, Project Management,Accounting/Auditing, Analyst, Finance,Purchasing, Supply Chain, Manufacturing,Training, Education, Human Resources,Strategy/Planning, Consulting, General Business,Other, Information Technology, Management,Research, Science,Information Technology, Project Management, Product Management,Business Development, Marketing,Project Management, Sales, Management,Customer Service, Advertising, Public Relations,Product Management, Marketing, Information Technology,Supply Chain, Consulting, Sales,Supply Chain, Consulting,Information Technology, Consulting, Engineering",,288
55,57,"General Business, Accounting/Auditing,Accounting/Auditing, Analyst, Finance,Finance, Information Technology,Finance, Sales,Finance, Accounting/Auditing, Strategy/Planning,Accounting/Auditing,Education,Finance, Analyst, Accounting/Auditing,Accounting/Auditing, Finance, Analyst,Accounting/Auditing, Finance,Legal,Finance,Finance, Accounting/Auditing, Consulting,Information Technology,Management, Manufacturing,Business Development, Sales,Finance, Accounting/Auditing,Information Technology, Project Management, Finance,Administrative,Project Management, Finance,Finance, Accounting/Auditing, Administrative,Information Technology, Product Management, Engineering,Information Technology, Finance,Supply Chain, Accounting/Auditing, Finance,General Business, Finance, Other,Finance, Analyst,Management, Accounting/Auditing,Finance, Consulting,Accounting/Auditing, Finance, Administrative,Manufacturing, Finance,Manufacturing, Accounting/Auditing, Finance,General Business,Analyst,Consulting,Project Management, Information Technology,Legal, Human Resources, Information Technology,Finance, Information Technology, Accounting/Auditing,Accounting/Auditing, Finance, Management,Science, Other,Other,Finance, Accounting/Auditing, Analyst,Research, Analyst, Information Technology,Business Development,Finance, Accounting/Auditing, Management",,84
56,58,"Sales, Business Development,Management, Manufacturing,Supply Chain, Distribution, Manufacturing",,6
57,59,"Project Management, Information Technology,Other,Business Development, Sales,Management, Manufacturing,Marketing,Management, General Business, Supply Chain,Marketing, Sales,Marketing, Sales, Purchasing,General Business, Management, Business Development,Marketing, Advertising, Product Management,Customer Service, Information Technology,Marketing, Advertising,Other, Consulting, Strategy/Planning",,26
58,60,"Sales, Distribution, Business Development,Customer Service, Information Technology,Sales, Business Development,Information Technology,Business Development, Sales,Business Development, Strategy/Planning, Analyst,Other,Information Technology, Sales, Consulting,Supply Chain,Sales,Engineering,Engineering, Information Technology,Marketing,Business Development, Customer Service,Purchasing, Supply Chain,Product Management, Marketing,Marketing, Sales,Management, Manufacturing,Business Development,Research, Analyst, Information Technology,Sales, Engineering, Business Development,Sales, Management,Finance, Sales,Consulting, Information Technology, Product Management,Marketing, Project Management,Marketing, Customer Service,General Business,Product Management, Engineering, Marketing,Marketing, Product Management,Sales, Engineering, Information Technology,Marketing, Sales, Science,Marketing, Sales, Product Management,Management, Marketing,Marketing, Engineering,Marketing, Sales, Project Management,Business Development, Marketing, Sales","Sales and marketing software,Contact center software",138
59,61,"Engineering, Information Technology,Product Management, Marketing,Research, Analyst, Information Technology,Marketing, Public Relations, Writing/Editing,Project Management, Information Technology,Sales, Business Development,Management, Manufacturing,Customer Service, Information Technology,Information Technology,Finance, Sales,Human Resources,Business Development, Sales,Marketing, Sales",,29
60,62,"Accounting/Auditing, Finance,Finance, Information Technology, Accounting/Auditing,Accounting/Auditing,Accounting/Auditing, Information Technology,Finance, Sales,General Business, Accounting/Auditing, Finance,Engineering, Information Technology",Tax preparation software,14
61,63,"Consulting, Accounting/Auditing, Information Technology,Engineering, Information Technology,Information Technology,Consulting, Information Technology, Other,Information Technology, Other,Finance, Information Technology, Engineering,Engineering,Information Technology, Business Development,Information Technology, Engineering,Engineering, Training,Sales, Business Development",Complex Problem Solving,31
62,64,"Information Technology,Engineering, Information Technology,Product Management, Marketing",,8
63,65,"Engineering, Information Technology,Finance, Information Technology,Other,Finance, Sales,Sales, Business Development,Management, Manufacturing,Finance,Accounting/Auditing, Finance,Analyst,Research, Analyst, Information Technology,Education, Training,Business Development, Sales,Information Technology, Marketing, Consulting",,16
64,66,"Engineering, Information Technology,Engineering, Finance, Information Technology,Information Technology, Engineering,Sales, Management, Customer Service,Information Technology,Research, Analyst, Information Technology,Project Management, Information Technology,Legal, Human Resources, Information Technology,Engineering,Human Resources,Finance,Business Development, Sales,Human Resources, Other, Information Technology,Information Technology, Marketing,Finance, Sales,Sales, Business Development, General Business,Strategy/Planning,Human Resources, Analyst,Marketing, Sales,Advertising, Public Relations, Marketing,Marketing, Business Development, Sales,Management, Manufacturing,Public Relations, Writing/Editing,Accounting/Auditing,Design, Art/Creative, Information Technology,Finance, Writing/Editing,Distribution, Engineering,Administrative, Customer Service,Sales, Business Development,Human Resources, Administrative, Project Management,Customer Service, Information Technology,Business Development,Management, Strategy/Planning, Consulting,Accounting/Auditing, Finance,Legal,Legal, Consulting,Finance, Accounting/Auditing,Finance, Information Technology,Information Technology, Accounting/Auditing,Marketing, Public Relations, Writing/Editing,Other,Education, Training,Marketing, Writing/Editing,Design, Consulting, Art/Creative,Training, Education, Human Resources,Information Technology, Finance, Marketing,Marketing,General Business, Management, Marketing,Consulting, Information Technology, Marketing,Advertising, Writing/Editing, Art/Creative,Advertising, Marketing,Advertising, Other,Information Technology, Marketing, Public Relations,Advertising, Design, Marketing,Marketing, Advertising, General Business,Advertising, Art/Creative, Marketing,Business Development, Marketing,Engineering, Project Management, Manufacturing",,164
65,67,"Sales, Business Development,Business Development,Research, Analyst, Information Technology,Analyst, Information Technology, Sales,Marketing, Sales",,7
66,68,"Information Technology, Engineering,Strategy/Planning, Analyst, Consulting,Art/Creative, Design, Marketing,Sales, Business Development, Distribution,Finance, Analyst, Accounting/Auditing",,6
67,69,"Information Technology,Engineering, Information Technology",Mobile operator specific application software,6
68,70,"Finance, Other,General Business, Administrative,Strategy/Planning, Information Technology, Consulting,Finance, Sales,Marketing, Sales,Marketing, Public Relations, Writing/Editing,Management, Manufacturing",,22
69,71,"Information Technology,Consulting, Accounting/Auditing,Information Technology, Consulting,Engineering, Information Technology,Management, Manufacturing,Human Resources,Finance, Consulting, Accounting/Auditing,Consulting,Administrative,Consulting, Information Technology,Engineering,Analyst, Information Technology,Accounting/Auditing, Finance,Information Technology, Product Management, Engineering,Information Technology, Consulting, Accounting/Auditing,Accounting/Auditing, Information Technology, Consulting",,27
70,72,"Other,Project Management, Information Technology,Administrative,Human Resources,Customer Service,Business Development, Sales,Marketing, Sales,Finance, Sales",Active Learning,12
71,73,"Other,Information Technology,Finance, Sales,Engineering, Information Technology,Consulting, Information Technology, Sales,Marketing, Sales",,14
72,74,"Engineering, Information Technology,Design, Information Technology,Design, Art/Creative, Information Technology,Marketing,Marketing, Sales,Design, Art/Creative,Human Resources,Other,Engineering,Design,Information Technology,Education, Management",Computer imaging software,33
73,75,"Engineering, Information Technology,Information Technology",,9
74,76,"Analyst, Information Technology, Engineering",,16
75,77,"Engineering, Information Technology",,17
76,78,"Information Technology,Engineering, Information Technology",,5
77,79,"Engineering, Information Technology,Sales, Business Development,Design, Art/Creative, Information Technology",,16
78,80,"Legal, Public Relations, Human Resources,Legal, Strategy/Planning, Consulting,Quality Assurance, Science, Health Care Provider,Strategy/Planning, Consulting, Accounting/Auditing,Business Development, Strategy/Planning, Product Management",,5
79,81,"Finance, Sales,Engineering, Information Technology,Information Technology,Consulting, Information Technology, Sales,Accounting/Auditing, Finance,Other,Project Management, Information Technology,Marketing, Sales",,21
80,82,"Finance, Sales,Legal,Accounting/Auditing, Legal, Finance,Finance, Information Technology, Engineering,Quality Assurance, Information Technology,Product Management, Marketing",,8
81,83,"Information Technology,Engineering, Information Technology,Art/Creative, Marketing,Information Technology, Marketing, Research,Legal, Marketing, Public Relations,Finance, Product Management,Strategy/Planning",,20
82,84,"Customer Service, Information Technology,Engineering, Information Technology,Administrative,Management, Manufacturing,Sales, Management,Marketing, Sales",,19
83,85,"Engineering, Information Technology,Information Technology",,7
84,86,"Design, Art/Creative, Information Technology,Accounting/Auditing, Finance,Other,Finance, Sales,Marketing, Sales",,16
85,87,"Engineering, Information Technology",,8
86,88,"Information Technology,Education, Engineering, Information Technology,Engineering, Information Technology,Information Technology, Product Management, Engineering,Quality Assurance, Engineering, Information Technology,Engineering,Project Management, Information Technology, Engineering,Information Technology, Engineering,Research, Information Technology,Engineering, Production, Research,Other,Information Technology, Consulting,Product Management, Marketing,Engineering, Information Technology, Research,Finance, Sales,Consulting, Product Management, Production",Programming,129
87,89,"Engineering, Information Technology,Information Technology,Analyst, Information Technology","Instant messaging software,Network monitoring software,Software defined networking/ virtualization software,Network security and virtual private network VPN equipment software,LAN software,Network connectivity terminal emulation software,WAN switching software and firmware,Network operation system software,Administration software,Network security or virtual private network VPN management software,Gateway software,Internet directory services software,Storage networking software,Internet protocol IP multimedia subsystem software,Switch or router software",25
88,90,"Research, Analyst, Information Technology,Marketing, Public Relations, Writing/Editing,Finance, Sales,Marketing, Sales,Business Development, Sales",,7
89,91,"Engineering, Information Technology,Marketing, Sales",,8
90,92,"Information Technology,Engineering, Information Technology",,8
91,93,"Business Development,Customer Service, Information Technology",,6
92,94,"Information Technology, Marketing,Art/Creative, Advertising, Marketing,Marketing,Marketing, Public Relations, Writing/Editing,Marketing, Sales,Business Development, Sales,Marketing, Strategy/Planning, Sales,Marketing, Advertising,Design, Art/Creative, Information Technology,Marketing, Advertising, Public Relations,Marketing, Sales, Advertising,Writing/Editing, Project Management,Advertising, Marketing, Art/Creative,Information Technology, Product Management, Research,Marketing, Public Relations, Advertising,Marketing, Public Relations,Marketing, Advertising, Art/Creative",Social Perceptiveness,34
93,95,"Engineering, Information Technology,Information Technology,Finance, Sales,Sales, Business Development,Marketing,Project Management, Information Technology,Other,Research, Analyst, Information Technology,Marketing, Sales,Management, Manufacturing,Art/Creative, Design",,29
94,96,"Sales, Business Development",,5
95,97,"Marketing, Business Development, Strategy/Planning,Research, Analyst, Information Technology,Marketing, Sales, Advertising,Marketing, Sales,Sales,Project Management, Management, Business Development,Sales, Business Development,Marketing, Advertising, Project Management,Business Development, Product Management, Marketing,Marketing,Other,Advertising, Marketing, Project Management,Management,Sales, Marketing, Product Management,Marketing, Strategy/Planning, Art/Creative,Business Development, Sales,Finance, Sales,Analyst, Information Technology, Marketing,Marketing, Public Relations,Marketing, Information Technology, Product Management,Sales, Business Development, Marketing,Engineering, Information Technology,Marketing, Business Development,Marketing, Sales, Project Management,Art/Creative, Marketing, Writing/Editing,Marketing, Sales, Business Development,Art/Creative, Information Technology, Marketing,Information Technology, Marketing,Marketing, Public Relations, Strategy/Planning,Marketing, Product Management,Marketing, Information Technology, Strategy/Planning,General Business, Marketing,Public Relations, Marketing,Science, Marketing, Analyst,Strategy/Planning, Other,Information Technology,Marketing, Strategy/Planning,Information Technology, Project Management, Marketing,Marketing, Advertising,Marketing, Sales, Art/Creative,Management, Manufacturing,Marketing, Information Technology,Marketing, Sales, Public Relations,Finance, Marketing,Marketing, Project Management,Advertising, Marketing, Analyst,Marketing, Advertising, Strategy/Planning,Marketing, Public Relations, Product Management,Marketing, Art/Creative,Project Management, Customer Service, Marketing",,151
96,98,"Engineering, Information Technology,Information Technology,Information Technology, Engineering,Business Development,Information Technology, Finance,Other,Finance, Sales,Finance, Other,Sales,Analyst, Finance",,29
97,99,"Engineering, Information Technology",,13
98,100,"Engineering, Information Technology,Accounting/Auditing, Information Technology,Finance, Sales,Other,Customer Service, Other, General Business,Management, Manufacturing,Accounting/Auditing, Finance, Other,Finance, Accounting/Auditing,Information Technology,Sales, Business Development",,23
99,101,"Finance, Sales,Information Technology,Engineering, Information Technology,Education, Training,Customer Service, Information Technology",,7
100,102,"Information Technology,Sales, Business Development,Marketing, Sales,Accounting/Auditing, Finance,Finance, Sales,Research, Analyst, Information Technology",,10
101,103,"Engineering, Information Technology,Finance, Sales,Other,Management, Manufacturing,Marketing, Sales,Consulting, Information Technology, Sales,Business Development, Sales",,14
102,104,"Accounting/Auditing, Analyst, Finance,Accounting/Auditing, Finance, Information Technology,General Business, Marketing, Other,Business Development, General Business, Sales",,6
103,105,"Engineering, Information Technology",,13
104,106,"Human Resources,Finance, Sales,Business Development, Sales,Customer Service, Information Technology,Accounting/Auditing,Marketing, Sales",,15
105,107,"Legal,Legal, Writing/Editing,Management, Manufacturing,Project Management,Information Technology, Supply Chain,Legal, Consulting, Other,Project Management, Information Technology,Administrative,Other,Purchasing, Supply Chain",,14
106,108,"Research, Analyst, Information Technology",,3
107,109,"Engineering, Information Technology",,6
108,110,"Engineering, Information Technology",,20
109,111,"Advertising, Analyst,Research,Other,Advertising, Public Relations, Marketing,Advertising, Marketing, Purchasing,Consulting, Human Resources, Business Development,Accounting/Auditing,Sales, Business Development,Advertising, Art/Creative, Design,Advertising,Management, Customer Service, Project Management,Human Resources, Sales, Business Development,Sales,Strategy/Planning, Advertising, Customer Service,Design, Art/Creative, Advertising,Project Management, Information Technology,Advertising, Project Management,Consulting, Project Management, Strategy/Planning,Project Management, Consulting, Customer Service,Consulting, Information Technology, Project Management,Information Technology,Human Resources,Consulting,Finance, Analyst, Accounting/Auditing,Finance, Advertising, Marketing,Finance, Accounting/Auditing,Finance, Administrative,Engineering, Information Technology,Supply Chain,Accounting/Auditing, Advertising, Finance,Customer Service, Information Technology,Finance, Sales,Business Development, Sales,Human Resources, Consulting,Finance, Sales, Business Development,Consulting, Information Technology,Research, Analyst, Information Technology,Management, Manufacturing,Advertising, Analyst, Consulting,Marketing, Sales,Advertising, Consulting, Strategy/Planning,Education, Training, Marketing,Research, Analyst,Advertising, Marketing,Marketing, Writing/Editing, Public Relations,Advertising, Marketing, Sales,Advertising, Marketing, Other,Consulting, Information Technology, Sales,Marketing,Design, Art/Creative, Information Technology,Art/Creative",,79
110,112,"Information Technology, Product Management, Engineering,Finance, Information Technology,Business Development, General Business, Information Technology,Strategy/Planning, Consulting, Information Technology,Finance, Information Technology, Engineering,Engineering, Information Technology,Product Management, Marketing,Information Technology, Customer Service,Management, Information Technology, Consulting,Public Relations, Marketing, Information Technology",,31
111,113,"Engineering, Information Technology,Product Management, Marketing,Engineering,Quality Assurance,Engineering, Information Technology, Research",,22
112,114,"General Business, Management, Consulting,Marketing,Customer Service,Human Resources, Consulting",,18
113,115,"Information Technology, Product Management, Engineering,Marketing, Sales,Education, Information Technology, Engineering,Human Resources,Advertising, General Business, Marketing",,6
114,116,"Sales, Product Management, Customer Service,Sales, Business Development,Sales,Sales, Business Development, Strategy/Planning,General Business, Sales, Customer Service,Supply Chain, Manufacturing,Other,Management, Manufacturing,Business Development, Sales,Consulting, Information Technology, Sales,Customer Service, Product Management, Sales,Marketing, Business Development, Sales",,24
115,117,"Engineering, Information Technology",,3
116,118,"Engineering, Information Technology,Engineering,Information Technology, Product Management",,8
117,119,"Consulting, Engineering,Engineering, Information Technology,Information Technology, Analyst, Other,Engineering,Engineering, Information Technology, Consulting,Information Technology,Management, Distribution, Supply Chain,Management, Manufacturing,Sales, Business Development, Customer Service,Product Management, Marketing,Design, Art/Creative,Sales, Business Development,Legal,Customer Service, Information Technology,Human Resources,Marketing, Sales,Consulting, Project Management, Quality Assurance,Other,Project Management, Information Technology,Business Development, Sales,Consulting, Information Technology, Sales,Sales,Finance, Accounting/Auditing,Finance,Analyst, Information Technology, Engineering,Research, Analyst, Information Technology,Purchasing, Supply Chain,Finance, Sales,Business Development, Finance, Engineering,Project Management,Quality Assurance,Design, Art/Creative, Information Technology,Administrative,Project Management, Management, Strategy/Planning,Education, Training,Business Development,Design, Marketing, Sales",,98
118,120,"Engineering, Information Technology",,4
119,121,"Engineering, Information Technology,Information Technology,Finance, Information Technology,Analyst, Information Technology, Engineering,Information Technology, Engineering,Finance,Information Technology, Consulting,Finance, Engineering,Business Development, Engineering, Information Technology,Art/Creative, Business Development, Engineering,Engineering,Other,Engineering, Information Technology, Other,Business Development, Information Technology, Research,Education,Human Resources,Product Management, Marketing",,110
120,122,"Sales, Consulting, Engineering,Marketing, Public Relations, Writing/Editing,Engineering, Information Technology,Marketing, Sales,Project Management, Information Technology,Research, Analyst, Information Technology,Customer Service, Information Technology,Business Development, Sales,Finance, Analyst, Accounting/Auditing,Product Management, Marketing,Sales, Business Development",,28
121,123,"Information Technology,Sales, Business Development,Management, Manufacturing",,4
122,124,"Marketing, Public Relations, Writing/Editing,Business Development,Marketing, Sales",,9
123,125,"Marketing, Sales,Sales, Business Development",,7
124,126,"Art/Creative, Design, Product Management,Finance, Administrative, Accounting/Auditing,Quality Assurance, Information Technology, Engineering,General Business, Management, Consulting,Information Technology, Engineering,Analyst,Training, Human Resources,Research, Analyst, Information Technology",,36
125,127,"Human Resources,Information Technology,Human Resources, Management, Strategy/Planning,Training, Administrative, Human Resources,Finance, Human Resources,Human Resources, Training, Administrative,Human Resources, Strategy/Planning,Project Management, Management, Product Management,Business Development, Sales,Administrative,Engineering, Information Technology,Customer Service, Information Technology",,28
126,128,"Sales,Marketing, Sales,Engineering, Information Technology,Design, Art/Creative, Information Technology,Design, Engineering, Manufacturing,Design, Art/Creative,Project Management, Design,Project Management, Information Technology,Advertising, Marketing,Design,Design, Business Development",,12
127,129,"Management, Manufacturing,Sales,Human Resources,Other,Design, Art/Creative, Information Technology,Customer Service, Information Technology,Finance, Sales,Marketing, Sales",,16
128,130,"Research, Analyst, Information Technology,Quality Assurance,Other,Finance, Sales,Human Resources,Business Development, Sales,Customer Service, Information Technology,Accounting/Auditing, Finance,Information Technology,Education, Training",,25
129,131,"Sales, Business Development,Project Management, Information Technology,Marketing, Sales,Business Development, Sales,Engineering, Information Technology,Management, Manufacturing",,20
130,132,"Information Technology, Consulting, Finance",,2
131,133,"Sales, Business Development",,2
132,134,"Analyst, Information Technology, Project Management,Engineering, Information Technology,Information Technology,Other,Customer Service, Information Technology,Project Management, Information Technology,Accounting/Auditing, Finance,Management, Manufacturing,Marketing, Sales,Marketing, Product Management,Marketing,Engineering",,18
133,135,"Design, Art/Creative, Information Technology",,5
134,136,"Customer Service, Information Technology,Sales, Business Development",,12
135,137,"Engineering, Information Technology,Human Resources,Management, Manufacturing,Product Management, Marketing,Information Technology,Project Management, Information Technology,Business Development, Sales",,36
136,138,"Education, Training,Other,Engineering,Engineering, Design, Manufacturing,Engineering, Information Technology",,16
137,139,"Engineering, Information Technology,Research, Analyst, Information Technology,Sales, Business Development,Information Technology,Project Management, Information Technology,Accounting/Auditing, Finance,Finance, Sales,Customer Service, Information Technology,Other,Design, Art/Creative, Information Technology",,21
138,140,"Engineering, Information Technology,Information Technology, Engineering, Other,Management, Manufacturing,Information Technology",,5
139,141,"General Business, Analyst,Marketing, Sales,Customer Service, Marketing",Action games,5
140,142,"Engineering, Information Technology",,7
141,143,"Strategy/Planning, Information Technology, Consulting,Legal,Information Technology, Consulting, Engineering,Finance, Other",,16
142,144,"Engineering, Information Technology,Administrative, Sales, Finance,Finance, Sales,Information Technology,Design, Art/Creative, Information Technology,Finance, Accounting/Auditing, Consulting",,12
143,145,"Marketing, Public Relations, Writing/Editing,Engineering, Information Technology,Marketing,Information Technology,Design,Quality Assurance",,10
144,146,"Engineering, Information Technology,Finance, Sales,Information Technology,Project Management, Information Technology,Other, Information Technology, Management,Marketing, Sales,Sales, Business Development,Other",,70
145,147,"Engineering, Information Technology,Information Technology,Other,Strategy/Planning, Marketing, Business Development,Sales,Information Technology, Supply Chain,Sales, Product Management, Customer Service,Information Technology, Marketing,Project Management, Information Technology,Marketing, Sales,Marketing, Writing/Editing, Public Relations,Marketing,Management, Manufacturing,Strategy/Planning, Business Development, Management,Analyst, Strategy/Planning, Marketing,Design, Art/Creative, Information Technology,Sales, Business Development,Marketing, Administrative, Advertising,Marketing, Public Relations,Design, Art/Creative",,32
146,148,"Information Technology, Product Management, Engineering,Engineering, Information Technology,Information Technology,Information Technology, Business Development,Finance, Information Technology,Consulting,Finance, Sales,Advertising, Art/Creative, Marketing,Project Management, Information Technology,Management, Manufacturing,Research, Analyst, Information Technology,Analyst, Research, Information Technology,Analyst,Information Technology, Analyst, Research,Administrative,Other,Sales, Business Development,Business Development, Sales,Analyst, Finance,Finance,Legal,Finance, Accounting/Auditing,Finance, Information Technology, Analyst,Strategy/Planning, Consulting,Strategy/Planning, Analyst, Project Management,Customer Service,Legal, Consulting, Information Technology,Marketing,Marketing, Analyst, Project Management,Product Management, Marketing,Analyst, Marketing,Information Technology, Project Management, Engineering",Data mining software,79
147,149,"Sales, Marketing, Information Technology,Project Management, Information Technology,Information Technology,Finance, Sales,Finance,Project Management,Project Management, Administrative, General Business,Project Management, Research, Science,Management, Manufacturing,Purchasing, Supply Chain,General Business, Other,Management,Product Management, Marketing",,27
